-- phpMyAdmin SQL Dump
-- version 5.2.1
-- https://www.phpmyadmin.net/
--
-- Host: localhost
-- Generation Time: May 24, 2026 at 06:36 AM
-- Server version: 10.4.28-MariaDB
-- PHP Version: 8.2.4

SET SQL_MODE = "NO_AUTO_VALUE_ON_ZERO";
START TRANSACTION;
SET time_zone = "+00:00";


/*!40101 SET @OLD_CHARACTER_SET_CLIENT=@@CHARACTER_SET_CLIENT */;
/*!40101 SET @OLD_CHARACTER_SET_RESULTS=@@CHARACTER_SET_RESULTS */;
/*!40101 SET @OLD_COLLATION_CONNECTION=@@COLLATION_CONNECTION */;
/*!40101 SET NAMES utf8mb4 */;

--
-- Database: `goldenpromise`
--

-- --------------------------------------------------------

--
-- Table structure for table `account_lockout_logs`
--

CREATE TABLE `account_lockout_logs` (
  `id` bigint(20) NOT NULL,
  `user_id` bigint(20) NOT NULL,
  `event` enum('locked','unlocked') NOT NULL,
  `reason` enum('password_attempts','otp_attempts') DEFAULT NULL,
  `attempt_count` tinyint(3) UNSIGNED NOT NULL DEFAULT 0,
  `unlocked_by` bigint(20) DEFAULT NULL,
  `locked_until` timestamp NULL DEFAULT NULL,
  `ip_address` varchar(50) DEFAULT NULL,
  `created_at` timestamp NOT NULL DEFAULT current_timestamp()
) ENGINE=InnoDB DEFAULT CHARSET=utf8mb4 COLLATE=utf8mb4_general_ci;

-- --------------------------------------------------------

--
-- Table structure for table `bookings`
--

CREATE TABLE `bookings` (
  `id` bigint(20) NOT NULL,
  `user_id` bigint(20) DEFAULT NULL,
  `cart_id` bigint(20) DEFAULT NULL,
  `total_amount` decimal(10,2) DEFAULT NULL,
  `paid_amount` decimal(10,2) DEFAULT NULL,
  `payment_status` enum('unpaid','partial','paid') DEFAULT NULL,
  `status` enum('draft','pending_payment','paid','pending_admin','confirmed','completed','cancelled') DEFAULT NULL,
  `approved_by` bigint(20) DEFAULT NULL,
  `approved_at` timestamp NULL DEFAULT NULL,
  `created_at` timestamp NOT NULL DEFAULT current_timestamp()
) ENGINE=InnoDB DEFAULT CHARSET=utf8mb4 COLLATE=utf8mb4_general_ci;

-- --------------------------------------------------------

--
-- Table structure for table `booking_items`
--

CREATE TABLE `booking_items` (
  `id` bigint(20) NOT NULL,
  `booking_id` bigint(20) DEFAULT NULL,
  `item_type` enum('service','package','supplier_package') NOT NULL,
  `item_id` bigint(20) NOT NULL,
  `booking_date` datetime DEFAULT current_timestamp(),
  `price` decimal(10,2) DEFAULT NULL,
  `status` enum('pending','accepted','completed','cancelled') DEFAULT NULL,
  `venue_room_id` bigint(20) DEFAULT NULL,
  `slot_id` bigint(20) DEFAULT NULL,
  `start_time` time DEFAULT NULL,
  `end_time` time DEFAULT NULL,
  `booking_type` enum('fullday','slot','flexible') DEFAULT NULL
) ENGINE=InnoDB DEFAULT CHARSET=utf8mb4 COLLATE=utf8mb4_general_ci;

-- --------------------------------------------------------

--
-- Table structure for table `booking_status_logs`
--

CREATE TABLE `booking_status_logs` (
  `id` bigint(20) NOT NULL,
  `booking_id` bigint(20) NOT NULL,
  `old_status` varchar(50) DEFAULT NULL,
  `new_status` varchar(50) NOT NULL,
  `changed_by` bigint(20) DEFAULT NULL,
  `note` text DEFAULT NULL,
  `created_at` timestamp NOT NULL DEFAULT current_timestamp()
) ENGINE=InnoDB DEFAULT CHARSET=utf8mb4 COLLATE=utf8mb4_general_ci;

-- --------------------------------------------------------

--
-- Table structure for table `booking_suppliers`
--

CREATE TABLE `booking_suppliers` (
  `id` bigint(20) NOT NULL,
  `booking_id` bigint(20) NOT NULL,
  `supplier_id` bigint(20) NOT NULL,
  `status` enum('pending','confirmed','in_progress','completed','cancelled','rejected') NOT NULL DEFAULT 'pending',
  `confirmed_at` timestamp NULL DEFAULT NULL,
  `completed_at` timestamp NULL DEFAULT NULL,
  `payout_status` enum('unpaid','processing','paid') NOT NULL DEFAULT 'unpaid',
  `created_at` timestamp NOT NULL DEFAULT current_timestamp(),
  `updated_at` timestamp NOT NULL DEFAULT current_timestamp() ON UPDATE current_timestamp()
) ENGINE=InnoDB DEFAULT CHARSET=utf8mb4 COLLATE=utf8mb4_general_ci;

-- --------------------------------------------------------

--
-- Table structure for table `booking_vouchers`
--

CREATE TABLE `booking_vouchers` (
  `id` bigint(20) NOT NULL,
  `booking_id` bigint(20) DEFAULT NULL,
  `voucher_number` varchar(50) DEFAULT NULL,
  `service_id` bigint(20) DEFAULT NULL,
  `supplier_id` bigint(20) DEFAULT NULL,
  `service_name` varchar(150) DEFAULT NULL,
  `category_name` varchar(100) DEFAULT NULL,
  `event_date` date DEFAULT NULL,
  `start_time` time DEFAULT NULL,
  `end_time` time DEFAULT NULL,
  `location` varchar(255) DEFAULT NULL,
  `price` decimal(10,2) DEFAULT NULL,
  `status` enum('active','used','expired') DEFAULT NULL,
  `issued_at` timestamp NOT NULL DEFAULT current_timestamp()
) ENGINE=InnoDB DEFAULT CHARSET=utf8mb4 COLLATE=utf8mb4_general_ci;

-- --------------------------------------------------------

--
-- Table structure for table `carts`
--

CREATE TABLE `carts` (
  `id` bigint(20) NOT NULL,
  `user_id` bigint(20) DEFAULT NULL,
  `created_at` timestamp NOT NULL DEFAULT current_timestamp()
) ENGINE=InnoDB DEFAULT CHARSET=utf8mb4 COLLATE=utf8mb4_general_ci;

-- --------------------------------------------------------

--
-- Table structure for table `cart_items`
--

CREATE TABLE `cart_items` (
  `id` bigint(20) NOT NULL,
  `cart_id` bigint(20) DEFAULT NULL,
  `user_id` bigint(20) NOT NULL,
  `item_type` enum('service','package','supplier_package') NOT NULL,
  `item_id` bigint(20) NOT NULL,
  `selected_date` date DEFAULT NULL,
  `price` decimal(10,2) DEFAULT NULL,
  `source` enum('package','custom') DEFAULT NULL,
  `slot_id` bigint(20) DEFAULT NULL,
  `start_time` time DEFAULT NULL,
  `end_time` time DEFAULT NULL
) ENGINE=InnoDB DEFAULT CHARSET=utf8mb4 COLLATE=utf8mb4_general_ci;

-- --------------------------------------------------------

--
-- Table structure for table `categories`
--

CREATE TABLE `categories` (
  `id` bigint(20) NOT NULL,
  `name` varchar(100) DEFAULT NULL,
  `slug` varchar(100) DEFAULT NULL,
  `created_at` timestamp NOT NULL DEFAULT current_timestamp()
) ENGINE=InnoDB DEFAULT CHARSET=utf8mb4 COLLATE=utf8mb4_general_ci;

--
-- Dumping data for table `categories`
--

INSERT INTO `categories` (`id`, `name`, `slug`, `created_at`) VALUES
(1, 'Accessories', 'accessories', '2026-05-24 00:00:00'),
(2, 'Dress', 'dress', '2026-05-24 00:00:00'),
(3, 'Food', 'food', '2026-05-24 00:00:00'),
(4, 'Package', 'package', '2026-05-24 00:00:00'),
(5, 'Studio', 'studio', '2026-05-24 00:00:00'),
(6, 'Venue', 'venue', '2026-05-24 00:00:00');

-- --------------------------------------------------------

--
-- Table structure for table `email_verifications`
--

CREATE TABLE `email_verifications` (
  `id` bigint(20) NOT NULL,
  `user_id` bigint(20) NOT NULL,
  `token_hash` varchar(255) NOT NULL,
  `expires_at` timestamp NOT NULL DEFAULT current_timestamp() ON UPDATE current_timestamp(),
  `used` tinyint(1) NOT NULL DEFAULT 0,
  `created_at` timestamp NOT NULL DEFAULT current_timestamp()
) ENGINE=InnoDB DEFAULT CHARSET=utf8mb4 COLLATE=utf8mb4_general_ci;

--
-- Dumping data for table `email_verifications`
--

INSERT INTO `email_verifications` (`id`, `user_id`, `token_hash`, `expires_at`, `used`, `created_at`) VALUES
(3, 16, 'edf7607f9a4bb4bb73826e26d05e606361a1c7803e034bec5c4bf408c7be6476', '2026-05-23 14:30:08', 0, '2026-05-22 14:30:08'),
(4, 17, '82dc3425f3eefc598a69e877607464ef6672a9122e5b49e2063fb9d8cee54cfe', '2026-05-24 04:20:56', 1, '2026-05-24 04:20:27');

-- --------------------------------------------------------

--
-- Table structure for table `event_details`
--

CREATE TABLE `event_details` (
  `id` bigint(20) NOT NULL,
  `booking_id` bigint(20) DEFAULT NULL,
  `event_date` date DEFAULT NULL,
  `start_time` time DEFAULT NULL,
  `end_time` time DEFAULT NULL,
  `guest_count` int(11) DEFAULT NULL,
  `venue_type` enum('indoor','outdoor','both') DEFAULT NULL,
  `location` varchar(255) DEFAULT NULL,
  `theme` varchar(100) DEFAULT NULL,
  `notes` text DEFAULT NULL,
  `contact_name` varchar(100) DEFAULT NULL,
  `contact_phone` varchar(20) DEFAULT NULL,
  `special_requests` text DEFAULT NULL,
  `seating_arrangement` text DEFAULT NULL,
  `created_at` timestamp NOT NULL DEFAULT current_timestamp()
) ENGINE=InnoDB DEFAULT CHARSET=utf8mb4 COLLATE=utf8mb4_general_ci;

-- --------------------------------------------------------

--
-- Table structure for table `favorites`
--

CREATE TABLE `favorites` (
  `id` bigint(20) NOT NULL,
  `user_id` bigint(20) NOT NULL,
  `item_type` enum('service','package','supplier_package') NOT NULL,
  `item_id` bigint(20) NOT NULL
) ENGINE=InnoDB DEFAULT CHARSET=utf8mb4 COLLATE=utf8mb4_general_ci;

-- --------------------------------------------------------

--
-- Table structure for table `login_attempts`
--

CREATE TABLE `login_attempts` (
  `id` bigint(20) NOT NULL,
  `email` varchar(150) DEFAULT NULL,
  `ip_address` varchar(50) DEFAULT NULL,
  `attempt_count` int(11) DEFAULT NULL,
  `last_attempt` timestamp NOT NULL DEFAULT current_timestamp() ON UPDATE current_timestamp(),
  `locked_until` timestamp NULL DEFAULT NULL,
  `max_attempts` tinyint(3) UNSIGNED NOT NULL DEFAULT 3
) ENGINE=InnoDB DEFAULT CHARSET=utf8mb4 COLLATE=utf8mb4_general_ci;

-- --------------------------------------------------------

--
-- Table structure for table `notifications`
--

CREATE TABLE `notifications` (
  `id` bigint(20) NOT NULL,
  `user_id` bigint(20) DEFAULT NULL,
  `title` varchar(150) DEFAULT NULL,
  `message` text DEFAULT NULL,
  `type` enum('booking','payment','approval','system') DEFAULT NULL,
  `reference_type` varchar(50) DEFAULT NULL,
  `reference_id` bigint(20) DEFAULT NULL,
  `is_read` tinyint(1) DEFAULT 0,
  `created_at` timestamp NOT NULL DEFAULT current_timestamp()
) ENGINE=InnoDB DEFAULT CHARSET=utf8mb4 COLLATE=utf8mb4_general_ci;

-- --------------------------------------------------------

--
-- Table structure for table `otps`
--

CREATE TABLE `otps` (
  `id` bigint(20) NOT NULL,
  `user_id` bigint(20) DEFAULT NULL,
  `code` varchar(10) DEFAULT NULL,
  `type` enum('signup','login','password_reset','supplier_verify','payment_verify') DEFAULT NULL,
  `expires_at` timestamp NOT NULL DEFAULT current_timestamp() ON UPDATE current_timestamp(),
  `is_used` tinyint(1) DEFAULT 0,
  `attempt_count` int(11) DEFAULT 0,
  `max_attempts` int(11) NOT NULL DEFAULT 3,
  `created_at` timestamp NOT NULL DEFAULT current_timestamp()
) ENGINE=InnoDB DEFAULT CHARSET=utf8mb4 COLLATE=utf8mb4_general_ci;

--
-- Dumping data for table `otps`
--

INSERT INTO `otps` (`id`, `user_id`, `code`, `type`, `expires_at`, `is_used`, `attempt_count`, `max_attempts`, `created_at`) VALUES
(1, 1, '780876', 'login', '2026-05-22 02:21:23', 1, 0, 3, '2026-05-22 02:20:57'),
(2, 1, '466931', 'login', '2026-05-23 07:41:43', 1, 0, 3, '2026-05-23 07:41:22'),
(3, 1, '941150', 'login', '2026-05-24 02:33:41', 1, 0, 3, '2026-05-24 02:32:37'),
(4, 1, '518223', 'login', '2026-05-24 02:33:57', 1, 0, 3, '2026-05-24 02:33:46');

-- --------------------------------------------------------

--
-- Table structure for table `packages`
--

CREATE TABLE `packages` (
  `package_id` bigint(20) NOT NULL,
  `name` varchar(150) DEFAULT NULL,
  `description` text DEFAULT NULL,
  `base_price` decimal(10,2) DEFAULT NULL,
  `created_at` timestamp NOT NULL DEFAULT current_timestamp(),
  `deleted_at` timestamp NULL DEFAULT NULL
) ENGINE=InnoDB DEFAULT CHARSET=utf8mb4 COLLATE=utf8mb4_general_ci;

-- --------------------------------------------------------

--
-- Table structure for table `package_items`
--

CREATE TABLE `package_items` (
  `id` bigint(20) NOT NULL,
  `package_id` bigint(20) DEFAULT NULL,
  `category_id` bigint(20) DEFAULT NULL,
  `service_id` bigint(20) DEFAULT NULL,
  `default_supplier_id` bigint(20) DEFAULT NULL,
  `default_price` decimal(10,2) DEFAULT NULL
) ENGINE=InnoDB DEFAULT CHARSET=utf8mb4 COLLATE=utf8mb4_general_ci;

-- --------------------------------------------------------

--
-- Table structure for table `password_resets`
--

CREATE TABLE `password_resets` (
  `id` bigint(20) NOT NULL,
  `user_id` bigint(20) NOT NULL,
  `token_hash` char(64) NOT NULL,
  `expires_at` datetime NOT NULL,
  `used` tinyint(1) NOT NULL DEFAULT 0,
  `created_at` timestamp NOT NULL DEFAULT current_timestamp()
) ENGINE=InnoDB DEFAULT CHARSET=utf8mb4 COLLATE=utf8mb4_general_ci;

-- --------------------------------------------------------

--
-- Table structure for table `payments`
--

CREATE TABLE `payments` (
  `id` bigint(20) NOT NULL,
  `booking_id` bigint(20) DEFAULT NULL,
  `supplier_id` bigint(20) DEFAULT NULL,
  `amount` decimal(10,2) DEFAULT NULL,
  `platform_fee` decimal(10,2) DEFAULT NULL,
  `supplier_amount` decimal(10,2) DEFAULT NULL,
  `escrow_status` enum('held','released','refunded') DEFAULT NULL,
  `type` enum('deposit','remaining','full','supplier_fee') DEFAULT NULL,
  `method` varchar(50) DEFAULT NULL,
  `status` enum('pending','success','failed') DEFAULT NULL,
  `transaction_ref` varchar(255) DEFAULT NULL,
  `verified_by` bigint(20) DEFAULT NULL,
  `verified_at` timestamp NULL DEFAULT NULL,
  `created_at` timestamp NOT NULL DEFAULT current_timestamp()
) ENGINE=InnoDB DEFAULT CHARSET=utf8mb4 COLLATE=utf8mb4_general_ci;

-- --------------------------------------------------------

--
-- Table structure for table `permissions`
--

CREATE TABLE `permissions` (
  `id` bigint(20) NOT NULL,
  `name` varchar(100) DEFAULT NULL
) ENGINE=InnoDB DEFAULT CHARSET=utf8mb4 COLLATE=utf8mb4_general_ci;

-- --------------------------------------------------------

--
-- Table structure for table `reviews`
--

CREATE TABLE `reviews` (
  `id` bigint(20) NOT NULL,
  `booking_id` bigint(20) NOT NULL,
  `booking_item_id` bigint(20) NOT NULL,
  `service_id` bigint(20) NOT NULL,
  `customer_id` bigint(20) DEFAULT NULL,
  `supplier_id` bigint(20) DEFAULT NULL,
  `rating` tinyint(1) DEFAULT NULL,
  `comment` text DEFAULT NULL,
  `created_at` timestamp NOT NULL DEFAULT current_timestamp()
) ENGINE=InnoDB DEFAULT CHARSET=utf8mb4 COLLATE=utf8mb4_general_ci;

-- --------------------------------------------------------

--
-- Table structure for table `roles`
--

CREATE TABLE `roles` (
  `id` bigint(20) NOT NULL,
  `name` varchar(50) NOT NULL,
  `description` varchar(255) DEFAULT NULL,
  `created_at` timestamp NOT NULL DEFAULT current_timestamp(),
  `updated_at` timestamp NOT NULL DEFAULT current_timestamp() ON UPDATE current_timestamp()
) ENGINE=InnoDB DEFAULT CHARSET=utf8mb4 COLLATE=utf8mb4_general_ci;

--
-- Dumping data for table `roles`
--

INSERT INTO `roles` (`id`, `name`, `description`, `created_at`, `updated_at`) VALUES
(1, 'customer', 'Customer role', '2026-05-13 07:58:09', '2026-05-13 07:58:09'),
(2, 'supplier', 'Supplier role', '2026-05-13 07:58:09', '2026-05-13 07:58:09'),
(3, 'staff', 'Staff role', '2026-05-13 07:58:09', '2026-05-13 07:58:09'),
(4, 'admin', 'Administrator role', '2026-05-13 07:58:09', '2026-05-13 07:58:09');

-- --------------------------------------------------------

--
-- Table structure for table `role_permissions`
--

CREATE TABLE `role_permissions` (
  `id` bigint(20) NOT NULL,
  `role_id` bigint(20) NOT NULL,
  `permission_id` bigint(20) NOT NULL,
  `created_at` timestamp NOT NULL DEFAULT current_timestamp()
) ENGINE=InnoDB DEFAULT CHARSET=utf8mb4 COLLATE=utf8mb4_general_ci;

-- --------------------------------------------------------

--
-- Table structure for table `services`
--

CREATE TABLE `services` (
  `id` bigint(20) NOT NULL,
  `supplier_id` bigint(20) DEFAULT NULL,
  `category_id` bigint(20) DEFAULT NULL,
  `name` varchar(150) DEFAULT NULL,
  `description` text DEFAULT NULL,
  `price` decimal(10,2) DEFAULT NULL,
  `price_min` decimal(10,2) DEFAULT NULL,
  `price_max` decimal(10,2) DEFAULT NULL,
  `thumbnail_url` varchar(255) DEFAULT NULL,
  `is_active` tinyint(1) DEFAULT 1,
  `booking_type` enum('fullday','slot','flexible') NOT NULL DEFAULT 'fullday',
  `duration_minutes` smallint(5) UNSIGNED DEFAULT NULL,
  `pricing_unit` enum('per_session','per_hour') DEFAULT 'per_session',
  `buffer_minutes` smallint(5) UNSIGNED NOT NULL DEFAULT 0,
  `max_concurrent` smallint(5) UNSIGNED NOT NULL DEFAULT 1,
  `created_at` timestamp NOT NULL DEFAULT current_timestamp()
) ENGINE=InnoDB DEFAULT CHARSET=utf8mb4 COLLATE=utf8mb4_general_ci;

-- --------------------------------------------------------

--
-- Table structure for table `service_availability`
--

CREATE TABLE `service_availability` (
  `id` bigint(20) NOT NULL,
  `service_id` bigint(20) NOT NULL,
  `date` date NOT NULL,
  `type` enum('available','unavailable','custom_hours') NOT NULL,
  `open_time` time DEFAULT NULL,
  `close_time` time DEFAULT NULL,
  `reason` varchar(255) DEFAULT NULL,
  `created_at` timestamp NOT NULL DEFAULT current_timestamp()
) ENGINE=InnoDB DEFAULT CHARSET=utf8mb4 COLLATE=utf8mb4_general_ci;

-- --------------------------------------------------------

--
-- Table structure for table `service_media`
--

CREATE TABLE `service_media` (
  `id` bigint(20) NOT NULL,
  `service_id` bigint(20) DEFAULT NULL,
  `file_url` varchar(255) DEFAULT NULL,
  `type` enum('image','video') DEFAULT NULL
) ENGINE=InnoDB DEFAULT CHARSET=utf8mb4 COLLATE=utf8mb4_general_ci;

-- --------------------------------------------------------

--
-- Table structure for table `service_schedules`
--

CREATE TABLE `service_schedules` (
  `id` bigint(20) NOT NULL,
  `service_id` bigint(20) NOT NULL,
  `day_of_week` tinyint(1) NOT NULL,
  `open_time` time NOT NULL,
  `close_time` time NOT NULL,
  `is_available` tinyint(1) NOT NULL DEFAULT 1,
  `created_at` timestamp NOT NULL DEFAULT current_timestamp()
) ENGINE=InnoDB DEFAULT CHARSET=utf8mb4 COLLATE=utf8mb4_general_ci;

-- --------------------------------------------------------

--
-- Table structure for table `service_time_slots`
--

CREATE TABLE `service_time_slots` (
  `id` bigint(20) NOT NULL,
  `service_id` bigint(20) NOT NULL,
  `date` date NOT NULL,
  `start_time` time NOT NULL,
  `end_time` time NOT NULL,
  `confirmed_count` tinyint(3) UNSIGNED NOT NULL DEFAULT 0,
  `max_concurrent` smallint(5) UNSIGNED NOT NULL DEFAULT 1,
  `status` enum('available','full','blocked') NOT NULL DEFAULT 'available',
  `created_at` timestamp NOT NULL DEFAULT current_timestamp()
) ENGINE=InnoDB DEFAULT CHARSET=utf8mb4 COLLATE=utf8mb4_general_ci;

-- --------------------------------------------------------

--
-- Table structure for table `staff_activity_logs`
--

CREATE TABLE `staff_activity_logs` (
  `id` bigint(20) NOT NULL,
  `staff_id` bigint(20) DEFAULT NULL,
  `action` varchar(255) DEFAULT NULL,
  `reference_type` varchar(50) DEFAULT NULL,
  `reference_id` bigint(20) DEFAULT NULL,
  `created_at` timestamp NOT NULL DEFAULT current_timestamp()
) ENGINE=InnoDB DEFAULT CHARSET=utf8mb4 COLLATE=utf8mb4_general_ci;

-- --------------------------------------------------------

--
-- Table structure for table `staff_payroll`
--

CREATE TABLE `staff_payroll` (
  `id` bigint(20) NOT NULL,
  `staff_id` bigint(20) NOT NULL,
  `salary_id` bigint(20) NOT NULL,
  `period_month` tinyint(2) NOT NULL,
  `period_year` smallint(4) NOT NULL,
  `base_salary` decimal(10,2) NOT NULL,
  `allowance` decimal(10,2) NOT NULL DEFAULT 0.00,
  `bonus_amount` decimal(10,2) NOT NULL DEFAULT 0.00,
  `deductions` decimal(10,2) NOT NULL DEFAULT 0.00,
  `gross_amount` decimal(10,2) NOT NULL,
  `net_amount` decimal(10,2) NOT NULL,
  `approvals_count` int(11) NOT NULL DEFAULT 0,
  `status` enum('draft','approved','paid') NOT NULL DEFAULT 'draft',
  `approved_by` bigint(20) DEFAULT NULL,
  `approved_at` timestamp NULL DEFAULT NULL,
  `paid_at` timestamp NULL DEFAULT NULL,
  `payment_ref` varchar(255) DEFAULT NULL,
  `note` text DEFAULT NULL,
  `created_at` timestamp NOT NULL DEFAULT current_timestamp(),
  `updated_at` timestamp NOT NULL DEFAULT current_timestamp() ON UPDATE current_timestamp()
) ENGINE=InnoDB DEFAULT CHARSET=utf8mb4 COLLATE=utf8mb4_general_ci;

-- --------------------------------------------------------

--
-- Table structure for table `staff_profiles`
--

CREATE TABLE `staff_profiles` (
  `staff_id` bigint(20) NOT NULL,
  `user_id` bigint(20) DEFAULT NULL,
  `created_by` bigint(20) DEFAULT NULL,
  `performance_score` decimal(5,2) DEFAULT 0.00,
  `total_actions` int(11) DEFAULT 0,
  `total_approvals` int(11) DEFAULT 0,
  `total_rejections` int(11) DEFAULT 0,
  `total_bookings_handled` int(11) DEFAULT 0,
  `created_at` timestamp NOT NULL DEFAULT current_timestamp(),
  `updated_at` timestamp NOT NULL DEFAULT current_timestamp() ON UPDATE current_timestamp()
) ENGINE=InnoDB DEFAULT CHARSET=utf8mb4 COLLATE=utf8mb4_general_ci;

-- --------------------------------------------------------

--
-- Table structure for table `staff_salaries`
--

CREATE TABLE `staff_salaries` (
  `id` bigint(20) NOT NULL,
  `staff_id` bigint(20) NOT NULL,
  `base_salary` decimal(10,2) NOT NULL DEFAULT 0.00,
  `allowance` decimal(10,2) NOT NULL DEFAULT 0.00,
  `bonus_per_approval` decimal(8,2) NOT NULL DEFAULT 0.00,
  `currency` varchar(10) NOT NULL DEFAULT 'MYR',
  `effective_from` date NOT NULL,
  `effective_to` date DEFAULT NULL,
  `set_by` bigint(20) NOT NULL,
  `created_at` timestamp NOT NULL DEFAULT current_timestamp()
) ENGINE=InnoDB DEFAULT CHARSET=utf8mb4 COLLATE=utf8mb4_general_ci;

-- --------------------------------------------------------

--
-- Table structure for table `suppliers`
--

CREATE TABLE `suppliers` (
  `supplier_id` bigint(20) NOT NULL,
  `user_id` bigint(20) DEFAULT NULL,
  `shop_name` varchar(150) DEFAULT NULL,
  `description` text DEFAULT NULL,
  `status` enum('pending','verified','approved','rejected','banned') DEFAULT NULL,
  `verified_by` bigint(20) DEFAULT NULL,
  `approved_by` bigint(20) DEFAULT NULL,
  `verify_url` varchar(255) DEFAULT NULL,
  `agreement_accepted` tinyint(1) DEFAULT 0,
  `agreement_accepted_at` timestamp NULL DEFAULT NULL,
  `agreement_version` varchar(50) DEFAULT NULL,
  `payment_status` enum('unpaid','paid') DEFAULT NULL,
  `is_available` tinyint(1) NOT NULL DEFAULT 0,
  `created_at` timestamp NOT NULL DEFAULT current_timestamp(),
  `deleted_at` timestamp NULL DEFAULT NULL
) ENGINE=InnoDB DEFAULT CHARSET=utf8mb4 COLLATE=utf8mb4_general_ci;

-- --------------------------------------------------------

--
-- Table structure for table `supplier_bans`
--

CREATE TABLE `supplier_bans` (
  `id` bigint(20) NOT NULL,
  `supplier_id` bigint(20) NOT NULL,
  `banned_by` bigint(20) NOT NULL,
  `reason` text NOT NULL,
  `warning_count` int(11) NOT NULL DEFAULT 0,
  `is_permanent` tinyint(1) NOT NULL DEFAULT 0,
  `banned_at` timestamp NOT NULL DEFAULT current_timestamp(),
  `lifted_by` bigint(20) DEFAULT NULL,
  `lifted_at` timestamp NULL DEFAULT NULL,
  `lift_reason` text DEFAULT NULL
) ENGINE=InnoDB DEFAULT CHARSET=utf8mb4 COLLATE=utf8mb4_general_ci;

-- --------------------------------------------------------

--
-- Table structure for table `supplier_documents`
--

CREATE TABLE `supplier_documents` (
  `id` bigint(20) NOT NULL,
  `supplier_id` bigint(20) DEFAULT NULL,
  `file_url` varchar(255) DEFAULT NULL,
  `type` varchar(50) DEFAULT NULL,
  `created_at` timestamp NOT NULL DEFAULT current_timestamp()
) ENGINE=InnoDB DEFAULT CHARSET=utf8mb4 COLLATE=utf8mb4_general_ci;

-- --------------------------------------------------------

--
-- Table structure for table `supplier_packages`
--

CREATE TABLE `supplier_packages` (
  `id` bigint(20) NOT NULL,
  `supplier_id` bigint(20) DEFAULT NULL,
  `name` varchar(150) DEFAULT NULL,
  `description` text DEFAULT NULL,
  `total_price` decimal(10,2) DEFAULT NULL,
  `created_at` timestamp NOT NULL DEFAULT current_timestamp(),
  `deleted_at` timestamp NULL DEFAULT NULL
) ENGINE=InnoDB DEFAULT CHARSET=utf8mb4 COLLATE=utf8mb4_general_ci;

-- --------------------------------------------------------

--
-- Table structure for table `supplier_package_items`
--

CREATE TABLE `supplier_package_items` (
  `id` bigint(20) NOT NULL,
  `package_id` bigint(20) DEFAULT NULL,
  `service_id` bigint(20) DEFAULT NULL,
  `price` decimal(10,2) DEFAULT NULL
) ENGINE=InnoDB DEFAULT CHARSET=utf8mb4 COLLATE=utf8mb4_general_ci;

-- --------------------------------------------------------

--
-- Table structure for table `supplier_warnings`
--

CREATE TABLE `supplier_warnings` (
  `id` bigint(20) NOT NULL,
  `supplier_id` bigint(20) NOT NULL,
  `issued_by` bigint(20) NOT NULL,
  `reason` text NOT NULL,
  `severity` enum('low','medium','high') NOT NULL DEFAULT 'medium',
  `source` enum('customer_report','staff_review','system') NOT NULL DEFAULT 'customer_report',
  `booking_id` bigint(20) DEFAULT NULL,
  `review_id` bigint(20) DEFAULT NULL,
  `resolved` tinyint(1) NOT NULL DEFAULT 0,
  `resolved_by` bigint(20) DEFAULT NULL,
  `resolved_at` timestamp NULL DEFAULT NULL,
  `resolution_note` text DEFAULT NULL,
  `created_at` timestamp NOT NULL DEFAULT current_timestamp()
) ENGINE=InnoDB DEFAULT CHARSET=utf8mb4 COLLATE=utf8mb4_general_ci;

-- --------------------------------------------------------

--
-- Table structure for table `system_logs`
--

CREATE TABLE `system_logs` (
  `id` bigint(20) NOT NULL,
  `user_id` bigint(20) DEFAULT NULL,
  `action` varchar(255) DEFAULT NULL,
  `ip_address` varchar(50) DEFAULT NULL,
  `user_agent` text DEFAULT NULL,
  `login_time` timestamp NOT NULL DEFAULT current_timestamp(),
  `last_active` timestamp NOT NULL DEFAULT current_timestamp(),
  `logout_time` timestamp NULL DEFAULT NULL,
  `created_at` timestamp NOT NULL DEFAULT current_timestamp()
) ENGINE=InnoDB DEFAULT CHARSET=utf8mb4 COLLATE=utf8mb4_general_ci;

--
-- Dumping data for table `system_logs`
--

INSERT INTO `system_logs` (`id`, `user_id`, `action`, `ip_address`, `user_agent`, `login_time`, `last_active`, `logout_time`, `created_at`) VALUES
(3, 11, 'login_success', '::1', 'Mozilla/5.0 (Macintosh; Intel Mac OS X 10_15_7) AppleWebKit/537.36 (KHTML, like Gecko) Chrome/146.0.0.0 Safari/537.36', '2026-05-21 17:39:55', '2026-05-21 17:39:55', NULL, '2026-05-21 17:39:55'),
(4, 1, 'login_information_correct', '::1', 'Mozilla/5.0 (Macintosh; Intel Mac OS X 10_15_7) AppleWebKit/537.36 (KHTML, like Gecko) Chrome/146.0.0.0 Safari/537.36', '2026-05-22 02:20:18', '2026-05-22 02:20:18', NULL, '2026-05-22 02:20:18'),
(5, 1, 'login_information_correct', '::1', 'Mozilla/5.0 (Macintosh; Intel Mac OS X 10_15_7) AppleWebKit/537.36 (KHTML, like Gecko) Chrome/146.0.0.0 Safari/537.36', '2026-05-22 02:20:50', '2026-05-22 02:20:50', NULL, '2026-05-22 02:20:50'),
(6, 1, 'sendingOTP_success', '::1', 'Mozilla/5.0 (Macintosh; Intel Mac OS X 10_15_7) AppleWebKit/537.36 (KHTML, like Gecko) Chrome/146.0.0.0 Safari/537.36', '2026-05-22 02:21:01', '2026-05-22 02:21:01', NULL, '2026-05-22 02:21:01'),
(7, 1, 'verifyOTP_success', '::1', 'Mozilla/5.0 (Macintosh; Intel Mac OS X 10_15_7) AppleWebKit/537.36 (KHTML, like Gecko) Chrome/146.0.0.0 Safari/537.36', '2026-05-22 02:21:23', '2026-05-22 02:21:23', NULL, '2026-05-22 02:21:23'),
(11, 16, 'register_success', '::1', 'Mozilla/5.0 (Macintosh; Intel Mac OS X 10_15_7) AppleWebKit/537.36 (KHTML, like Gecko) Chrome/146.0.0.0 Safari/537.36', '2026-05-22 14:30:08', '2026-05-22 14:30:08', NULL, '2026-05-22 14:30:08'),
(12, 1, 'login_information_correct', '::1', 'Mozilla/5.0 (Macintosh; Intel Mac OS X 10_15_7) AppleWebKit/537.36 (KHTML, like Gecko) Chrome/146.0.0.0 Safari/537.36', '2026-05-23 07:40:45', '2026-05-23 07:40:45', NULL, '2026-05-23 07:40:45'),
(13, 1, 'sendingOTP_success', '::1', 'Mozilla/5.0 (Macintosh; Intel Mac OS X 10_15_7) AppleWebKit/537.36 (KHTML, like Gecko) Chrome/146.0.0.0 Safari/537.36', '2026-05-23 07:41:26', '2026-05-23 07:41:26', NULL, '2026-05-23 07:41:26'),
(14, 1, 'verifyOTP_success', '::1', 'Mozilla/5.0 (Macintosh; Intel Mac OS X 10_15_7) AppleWebKit/537.36 (KHTML, like Gecko) Chrome/146.0.0.0 Safari/537.36', '2026-05-23 07:41:43', '2026-05-23 07:41:43', NULL, '2026-05-23 07:41:43'),
(15, 1, 'login_information_correct', '::1', 'Mozilla/5.0 (Macintosh; Intel Mac OS X 10_15_7) AppleWebKit/537.36 (KHTML, like Gecko) Chrome/146.0.0.0 Safari/537.36', '2026-05-24 02:32:28', '2026-05-24 02:32:28', NULL, '2026-05-24 02:32:28'),
(16, 1, 'sendingOTP_success', '::1', 'Mozilla/5.0 (Macintosh; Intel Mac OS X 10_15_7) AppleWebKit/537.36 (KHTML, like Gecko) Chrome/146.0.0.0 Safari/537.36', '2026-05-24 02:32:42', '2026-05-24 02:32:42', NULL, '2026-05-24 02:32:42'),
(17, 1, 'login_information_fail', '::1', 'Mozilla/5.0 (Macintosh; Intel Mac OS X 10_15_7) AppleWebKit/537.36 (KHTML, like Gecko) Chrome/146.0.0.0 Safari/537.36', '2026-05-24 02:33:13', '2026-05-24 02:33:13', NULL, '2026-05-24 02:33:13'),
(18, 1, 'login_information_fail', '::1', 'Mozilla/5.0 (Macintosh; Intel Mac OS X 10_15_7) AppleWebKit/537.36 (KHTML, like Gecko) Chrome/146.0.0.0 Safari/537.36', '2026-05-24 02:33:24', '2026-05-24 02:33:24', NULL, '2026-05-24 02:33:24'),
(19, 1, 'login_information_correct', '::1', 'Mozilla/5.0 (Macintosh; Intel Mac OS X 10_15_7) AppleWebKit/537.36 (KHTML, like Gecko) Chrome/146.0.0.0 Safari/537.36', '2026-05-24 02:33:33', '2026-05-24 02:33:33', NULL, '2026-05-24 02:33:33'),
(20, 1, 'sendingOTP_success', '::1', 'Mozilla/5.0 (Macintosh; Intel Mac OS X 10_15_7) AppleWebKit/537.36 (KHTML, like Gecko) Chrome/146.0.0.0 Safari/537.36', '2026-05-24 02:33:50', '2026-05-24 02:33:50', NULL, '2026-05-24 02:33:50'),
(21, 1, 'verifyOTP_success', '::1', 'Mozilla/5.0 (Macintosh; Intel Mac OS X 10_15_7) AppleWebKit/537.36 (KHTML, like Gecko) Chrome/146.0.0.0 Safari/537.36', '2026-05-24 02:33:57', '2026-05-24 02:33:57', NULL, '2026-05-24 02:33:57'),
(34, 17, 'register_success', '::1', 'Mozilla/5.0 (Macintosh; Intel Mac OS X 10_15_7) AppleWebKit/537.36 (KHTML, like Gecko) Chrome/143.0.0.0 Safari/537.36', '2026-05-24 04:20:27', '2026-05-24 04:20:27', NULL, '2026-05-24 04:20:27');

-- --------------------------------------------------------

--
-- Table structure for table `users`
--

CREATE TABLE `users` (
  `user_id` bigint(20) NOT NULL,
  `name` varchar(100) DEFAULT NULL,
  `email` varchar(150) NOT NULL,
  `password` varchar(255) DEFAULT NULL,
  `phone` varchar(20) DEFAULT NULL,
  `address` varchar(255) DEFAULT NULL,
  `status` enum('active','suspended','banned','locked') DEFAULT 'active',
  `lock_reason` enum('password_attempts','otp_attempts') DEFAULT NULL,
  `locked_until` timestamp NULL DEFAULT NULL,
  `failed_password_attempts` tinyint(3) UNSIGNED NOT NULL DEFAULT 0,
  `failed_otp_attempts` tinyint(3) UNSIGNED NOT NULL DEFAULT 0,
  `last_failed_at` timestamp NULL DEFAULT NULL,
  `last_login` timestamp NULL DEFAULT NULL,
  `is_online` tinyint(1) NOT NULL DEFAULT 0,
  `created_at` timestamp NOT NULL DEFAULT current_timestamp(),
  `deleted_at` timestamp NULL DEFAULT NULL,
  `google_id` varchar(255) DEFAULT NULL,
  `avatar` varchar(500) DEFAULT NULL,
  `facebook_id` varchar(255) DEFAULT NULL,
  `updated_at` timestamp NOT NULL DEFAULT current_timestamp() ON UPDATE current_timestamp(),
  `email_verified_at` timestamp NULL DEFAULT NULL,
  `remember_token` varchar(255) DEFAULT NULL
) ENGINE=InnoDB DEFAULT CHARSET=utf8mb4 COLLATE=utf8mb4_general_ci;

--
-- Dumping data for table `users`
--

INSERT INTO `users` (`user_id`, `name`, `email`, `password`, `phone`, `address`, `status`, `lock_reason`, `locked_until`, `failed_password_attempts`, `failed_otp_attempts`, `last_failed_at`, `last_login`, `is_online`, `created_at`, `deleted_at`, `google_id`, `avatar`, `facebook_id`, `updated_at`, `email_verified_at`, `remember_token`) VALUES
(1, 'Hsu Myat Moe', 'hsumyatm7308@gmail.com', '$2y$10$GmYwyGUldx18yjwvk2VtYuwtOnF.IWftmffSvfVUH.OrjjF85dd/i', NULL, NULL, 'active', NULL, NULL, 0, 0, NULL, '2026-05-24 02:33:33', 1, '2026-05-21 17:36:05', NULL, NULL, NULL, NULL, '2026-05-24 02:33:57', NULL, 'ef260e237f4c1e986269a3329f73c767cd317df7ecb27c4b7f04551b582fb028'),
(11, 'AAA', 'aaa@gmail.com', '$2y$10$WAb.WSxmXykJ1ee9rVanBuYUkR8/UOFuK1pPAVP6N/wHadiDk8Z22', NULL, NULL, 'active', NULL, NULL, 0, 0, NULL, '2026-05-21 17:39:55', 1, '2026-05-21 17:39:19', NULL, NULL, NULL, NULL, '2026-05-21 17:39:55', NULL, NULL),
(16, 'Supplier', 'supplier@gmail.com', '$2y$10$rzH.Yzmd/HzHvNGELTeSG.Y0dUCV9SUaOkUI6U5dkrqrh6Rv/Blo.', NULL, NULL, 'active', NULL, NULL, 0, 0, NULL, NULL, 0, '2026-05-22 14:30:08', NULL, NULL, NULL, NULL, '2026-05-22 14:30:08', NULL, NULL),
(17, 'M Hsu', 'mhsu537@gmail.com', '$2y$10$fBBiW5x5eF1VLXSPwcLWVekFow/1tMr6oWLK/bz6fJyVQF99k49XW', NULL, NULL, 'active', NULL, NULL, 0, 0, NULL, NULL, 0, '2026-05-24 04:20:27', NULL, NULL, NULL, NULL, '2026-05-24 04:20:56', '2026-05-24 04:20:56', NULL);

-- --------------------------------------------------------

--
-- Table structure for table `user_roles`
--

CREATE TABLE `user_roles` (
  `id` bigint(20) NOT NULL,
  `user_id` bigint(20) NOT NULL,
  `role_id` bigint(20) NOT NULL,
  `created_at` timestamp NOT NULL DEFAULT current_timestamp()
) ENGINE=InnoDB DEFAULT CHARSET=utf8mb4 COLLATE=utf8mb4_general_ci;

--
-- Dumping data for table `user_roles`
--

INSERT INTO `user_roles` (`id`, `user_id`, `role_id`, `created_at`) VALUES
(3, 1, 4, '2026-05-21 17:36:05'),
(4, 11, 1, '2026-05-21 17:39:19'),
(9, 16, 2, '2026-05-22 14:30:08'),
(10, 17, 2, '2026-05-24 04:20:27');

-- --------------------------------------------------------

--
-- Table structure for table `venues`
--

CREATE TABLE `venues` (
  `id` bigint(20) NOT NULL,
  `supplier_id` bigint(20) DEFAULT NULL,
  `service_id` bigint(20) DEFAULT NULL,
  `name` varchar(150) DEFAULT NULL,
  `location` varchar(255) DEFAULT NULL,
  `description` text DEFAULT NULL,
  `created_at` timestamp NOT NULL DEFAULT current_timestamp()
) ENGINE=InnoDB DEFAULT CHARSET=utf8mb4 COLLATE=utf8mb4_general_ci;

-- --------------------------------------------------------

--
-- Table structure for table `venue_rooms`
--

CREATE TABLE `venue_rooms` (
  `id` bigint(20) NOT NULL,
  `venue_id` bigint(20) DEFAULT NULL,
  `name` varchar(150) DEFAULT NULL,
  `capacity` int(11) DEFAULT NULL,
  `price` decimal(10,2) DEFAULT NULL,
  `created_at` timestamp NOT NULL DEFAULT current_timestamp()
) ENGINE=InnoDB DEFAULT CHARSET=utf8mb4 COLLATE=utf8mb4_general_ci;

-- --------------------------------------------------------

--
-- Table structure for table `venue_room_availability`
--

CREATE TABLE `venue_room_availability` (
  `id` bigint(20) NOT NULL,
  `room_id` bigint(20) DEFAULT NULL,
  `date` date DEFAULT NULL,
  `start_time` time DEFAULT NULL,
  `end_time` time DEFAULT NULL,
  `is_available` tinyint(1) DEFAULT 1
) ENGINE=InnoDB DEFAULT CHARSET=utf8mb4 COLLATE=utf8mb4_general_ci;

-- --------------------------------------------------------

--
-- Table structure for table `wallets`
--

CREATE TABLE `wallets` (
  `id` bigint(20) NOT NULL,
  `supplier_id` bigint(20) DEFAULT NULL,
  `balance` decimal(10,2) DEFAULT 0.00
) ENGINE=InnoDB DEFAULT CHARSET=utf8mb4 COLLATE=utf8mb4_general_ci;

-- --------------------------------------------------------

--
-- Table structure for table `wallet_transactions`
--

CREATE TABLE `wallet_transactions` (
  `id` bigint(20) NOT NULL,
  `wallet_id` bigint(20) DEFAULT NULL,
  `amount` decimal(10,2) DEFAULT NULL,
  `type` enum('credit','debit') DEFAULT NULL,
  `reference_type` enum('payment','withdrawal','refund') DEFAULT NULL,
  `reference_id` bigint(20) DEFAULT NULL,
  `status` enum('pending','completed') DEFAULT NULL,
  `created_at` timestamp NOT NULL DEFAULT current_timestamp()
) ENGINE=InnoDB DEFAULT CHARSET=utf8mb4 COLLATE=utf8mb4_general_ci;

-- --------------------------------------------------------

--
-- Table structure for table `withdrawals`
--

CREATE TABLE `withdrawals` (
  `id` bigint(20) NOT NULL,
  `supplier_id` bigint(20) DEFAULT NULL,
  `amount` decimal(10,2) DEFAULT NULL,
  `status` enum('pending','approved','rejected') DEFAULT NULL,
  `created_at` timestamp NOT NULL DEFAULT current_timestamp()
) ENGINE=InnoDB DEFAULT CHARSET=utf8mb4 COLLATE=utf8mb4_general_ci;

--
-- Indexes for dumped tables
--

--
-- Indexes for table `account_lockout_logs`
--
ALTER TABLE `account_lockout_logs`
  ADD PRIMARY KEY (`id`),
  ADD KEY `idx_user_id` (`user_id`),
  ADD KEY `idx_event` (`event`),
  ADD KEY `idx_created_at` (`created_at`),
  ADD KEY `all_ibfk_unlocked_by` (`unlocked_by`);

--
-- Indexes for table `bookings`
--
ALTER TABLE `bookings`
  ADD PRIMARY KEY (`id`),
  ADD KEY `user_id` (`user_id`),
  ADD KEY `cart_id` (`cart_id`),
  ADD KEY `approved_by` (`approved_by`);

--
-- Indexes for table `booking_items`
--
ALTER TABLE `booking_items`
  ADD PRIMARY KEY (`id`),
  ADD KEY `booking_id` (`booking_id`),
  ADD KEY `venue_room_id` (`venue_room_id`),
  ADD KEY `bi_ibfk_slot` (`slot_id`);

--
-- Indexes for table `booking_status_logs`
--
ALTER TABLE `booking_status_logs`
  ADD PRIMARY KEY (`id`),
  ADD KEY `booking_id` (`booking_id`),
  ADD KEY `changed_by` (`changed_by`);

--
-- Indexes for table `booking_suppliers`
--
ALTER TABLE `booking_suppliers`
  ADD PRIMARY KEY (`id`),
  ADD KEY `idx_booking_id` (`booking_id`),
  ADD KEY `idx_supplier_id` (`supplier_id`),
  ADD KEY `idx_status` (`status`);

--
-- Indexes for table `booking_vouchers`
--
ALTER TABLE `booking_vouchers`
  ADD PRIMARY KEY (`id`),
  ADD UNIQUE KEY `voucher_number` (`voucher_number`),
  ADD KEY `booking_id` (`booking_id`),
  ADD KEY `service_id` (`service_id`),
  ADD KEY `supplier_id` (`supplier_id`);

--
-- Indexes for table `carts`
--
ALTER TABLE `carts`
  ADD PRIMARY KEY (`id`),
  ADD KEY `user_id` (`user_id`);

--
-- Indexes for table `cart_items`
--
ALTER TABLE `cart_items`
  ADD PRIMARY KEY (`id`),
  ADD KEY `cart_id` (`cart_id`),
  ADD KEY `user_id` (`user_id`),
  ADD KEY `ci_ibfk_slot` (`slot_id`);

--
-- Indexes for table `categories`
--
ALTER TABLE `categories`
  ADD PRIMARY KEY (`id`);

--
-- Indexes for table `email_verifications`
--
ALTER TABLE `email_verifications`
  ADD PRIMARY KEY (`id`),
  ADD KEY `user_id` (`user_id`);

--
-- Indexes for table `event_details`
--
ALTER TABLE `event_details`
  ADD PRIMARY KEY (`id`),
  ADD UNIQUE KEY `booking_id` (`booking_id`);

--
-- Indexes for table `favorites`
--
ALTER TABLE `favorites`
  ADD PRIMARY KEY (`id`),
  ADD UNIQUE KEY `unique_favorite` (`user_id`,`item_type`,`item_id`);

--
-- Indexes for table `login_attempts`
--
ALTER TABLE `login_attempts`
  ADD PRIMARY KEY (`id`);

--
-- Indexes for table `notifications`
--
ALTER TABLE `notifications`
  ADD PRIMARY KEY (`id`),
  ADD KEY `user_id` (`user_id`);

--
-- Indexes for table `otps`
--
ALTER TABLE `otps`
  ADD PRIMARY KEY (`id`),
  ADD KEY `user_id` (`user_id`);

--
-- Indexes for table `packages`
--
ALTER TABLE `packages`
  ADD PRIMARY KEY (`package_id`);

--
-- Indexes for table `package_items`
--
ALTER TABLE `package_items`
  ADD PRIMARY KEY (`id`),
  ADD KEY `package_id` (`package_id`),
  ADD KEY `category_id` (`category_id`),
  ADD KEY `service_id` (`service_id`),
  ADD KEY `default_supplier_id` (`default_supplier_id`);

--
-- Indexes for table `password_resets`
--
ALTER TABLE `password_resets`
  ADD PRIMARY KEY (`id`),
  ADD UNIQUE KEY `uq_password_resets_token_hash` (`token_hash`),
  ADD KEY `idx_password_resets_user_used` (`user_id`,`used`);

--
-- Indexes for table `payments`
--
ALTER TABLE `payments`
  ADD PRIMARY KEY (`id`),
  ADD KEY `booking_id` (`booking_id`),
  ADD KEY `supplier_id` (`supplier_id`),
  ADD KEY `verified_by` (`verified_by`);

--
-- Indexes for table `permissions`
--
ALTER TABLE `permissions`
  ADD PRIMARY KEY (`id`);

--
-- Indexes for table `reviews`
--
ALTER TABLE `reviews`
  ADD PRIMARY KEY (`id`),
  ADD KEY `booking_id` (`booking_id`),
  ADD KEY `booking_item_id` (`booking_item_id`),
  ADD KEY `service_id` (`service_id`),
  ADD KEY `customer_id` (`customer_id`),
  ADD KEY `supplier_id` (`supplier_id`);

--
-- Indexes for table `roles`
--
ALTER TABLE `roles`
  ADD PRIMARY KEY (`id`),
  ADD UNIQUE KEY `unique_role_name` (`name`);

--
-- Indexes for table `role_permissions`
--
ALTER TABLE `role_permissions`
  ADD PRIMARY KEY (`id`),
  ADD UNIQUE KEY `unique_role_permission` (`role_id`,`permission_id`),
  ADD KEY `idx_role_id` (`role_id`),
  ADD KEY `idx_permission_id` (`permission_id`);

--
-- Indexes for table `services`
--
ALTER TABLE `services`
  ADD PRIMARY KEY (`id`),
  ADD KEY `supplier_id` (`supplier_id`),
  ADD KEY `category_id` (`category_id`);

--
-- Indexes for table `service_availability`
--
ALTER TABLE `service_availability`
  ADD PRIMARY KEY (`id`),
  ADD UNIQUE KEY `unique_service_date` (`service_id`,`date`),
  ADD KEY `idx_service_id` (`service_id`),
  ADD KEY `idx_date` (`date`);

--
-- Indexes for table `service_media`
--
ALTER TABLE `service_media`
  ADD PRIMARY KEY (`id`),
  ADD KEY `service_id` (`service_id`);

--
-- Indexes for table `service_schedules`
--
ALTER TABLE `service_schedules`
  ADD PRIMARY KEY (`id`),
  ADD UNIQUE KEY `unique_service_day` (`service_id`,`day_of_week`),
  ADD KEY `idx_service_id` (`service_id`);

--
-- Indexes for table `service_time_slots`
--
ALTER TABLE `service_time_slots`
  ADD PRIMARY KEY (`id`),
  ADD UNIQUE KEY `unique_slot` (`service_id`,`date`,`start_time`),
  ADD KEY `idx_service_date` (`service_id`,`date`),
  ADD KEY `idx_status` (`status`);

--
-- Indexes for table `staff_activity_logs`
--
ALTER TABLE `staff_activity_logs`
  ADD PRIMARY KEY (`id`),
  ADD KEY `staff_id` (`staff_id`);

--
-- Indexes for table `staff_payroll`
--
ALTER TABLE `staff_payroll`
  ADD PRIMARY KEY (`id`),
  ADD UNIQUE KEY `unique_staff_period` (`staff_id`,`period_month`,`period_year`),
  ADD KEY `idx_staff_id` (`staff_id`),
  ADD KEY `idx_salary_id` (`salary_id`),
  ADD KEY `idx_status` (`status`),
  ADD KEY `sp_ibfk_approved_by` (`approved_by`);

--
-- Indexes for table `staff_profiles`
--
ALTER TABLE `staff_profiles`
  ADD PRIMARY KEY (`staff_id`),
  ADD KEY `user_id` (`user_id`);

--
-- Indexes for table `staff_salaries`
--
ALTER TABLE `staff_salaries`
  ADD PRIMARY KEY (`id`),
  ADD KEY `idx_staff_id` (`staff_id`),
  ADD KEY `idx_effective_from` (`effective_from`),
  ADD KEY `ss_ibfk_set_by` (`set_by`);

--
-- Indexes for table `suppliers`
--
ALTER TABLE `suppliers`
  ADD PRIMARY KEY (`supplier_id`),
  ADD KEY `user_id` (`user_id`);

--
-- Indexes for table `supplier_bans`
--
ALTER TABLE `supplier_bans`
  ADD PRIMARY KEY (`id`),
  ADD KEY `idx_supplier_id` (`supplier_id`),
  ADD KEY `idx_banned_by` (`banned_by`),
  ADD KEY `sb_ibfk_lifted_by` (`lifted_by`);

--
-- Indexes for table `supplier_documents`
--
ALTER TABLE `supplier_documents`
  ADD PRIMARY KEY (`id`),
  ADD KEY `supplier_id` (`supplier_id`);

--
-- Indexes for table `supplier_packages`
--
ALTER TABLE `supplier_packages`
  ADD PRIMARY KEY (`id`),
  ADD KEY `supplier_id` (`supplier_id`);

--
-- Indexes for table `supplier_package_items`
--
ALTER TABLE `supplier_package_items`
  ADD PRIMARY KEY (`id`),
  ADD KEY `package_id` (`package_id`),
  ADD KEY `service_id` (`service_id`);

--
-- Indexes for table `supplier_warnings`
--
ALTER TABLE `supplier_warnings`
  ADD PRIMARY KEY (`id`),
  ADD KEY `idx_supplier_id` (`supplier_id`),
  ADD KEY `idx_issued_by` (`issued_by`),
  ADD KEY `idx_booking_id` (`booking_id`),
  ADD KEY `idx_review_id` (`review_id`),
  ADD KEY `sw_ibfk_resolved` (`resolved_by`);

--
-- Indexes for table `system_logs`
--
ALTER TABLE `system_logs`
  ADD PRIMARY KEY (`id`),
  ADD KEY `user_id` (`user_id`);

--
-- Indexes for table `users`
--
ALTER TABLE `users`
  ADD PRIMARY KEY (`user_id`),
  ADD UNIQUE KEY `unique_email` (`email`),
  ADD UNIQUE KEY `google_id` (`google_id`),
  ADD UNIQUE KEY `facebook_id` (`facebook_id`),
  ADD UNIQUE KEY `unique_google_id` (`google_id`),
  ADD UNIQUE KEY `unique_facebook_id` (`facebook_id`);

--
-- Indexes for table `user_roles`
--
ALTER TABLE `user_roles`
  ADD PRIMARY KEY (`id`),
  ADD UNIQUE KEY `unique_user_role` (`user_id`,`role_id`),
  ADD KEY `idx_user_id` (`user_id`),
  ADD KEY `idx_role_id` (`role_id`);

--
-- Indexes for table `venues`
--
ALTER TABLE `venues`
  ADD PRIMARY KEY (`id`),
  ADD KEY `supplier_id` (`supplier_id`),
  ADD KEY `idx_venues_service_id` (`service_id`);

--
-- Indexes for table `venue_rooms`
--
ALTER TABLE `venue_rooms`
  ADD PRIMARY KEY (`id`),
  ADD KEY `venue_id` (`venue_id`);

--
-- Indexes for table `venue_room_availability`
--
ALTER TABLE `venue_room_availability`
  ADD PRIMARY KEY (`id`),
  ADD KEY `room_id` (`room_id`);

--
-- Indexes for table `wallets`
--
ALTER TABLE `wallets`
  ADD PRIMARY KEY (`id`),
  ADD UNIQUE KEY `supplier_id` (`supplier_id`);

--
-- Indexes for table `wallet_transactions`
--
ALTER TABLE `wallet_transactions`
  ADD PRIMARY KEY (`id`),
  ADD KEY `wallet_id` (`wallet_id`);

--
-- Indexes for table `withdrawals`
--
ALTER TABLE `withdrawals`
  ADD PRIMARY KEY (`id`),
  ADD KEY `supplier_id` (`supplier_id`);

--
-- AUTO_INCREMENT for dumped tables
--

--
-- AUTO_INCREMENT for table `account_lockout_logs`
--
ALTER TABLE `account_lockout_logs`
  MODIFY `id` bigint(20) NOT NULL AUTO_INCREMENT;

--
-- AUTO_INCREMENT for table `bookings`
--
ALTER TABLE `bookings`
  MODIFY `id` bigint(20) NOT NULL AUTO_INCREMENT;

--
-- AUTO_INCREMENT for table `booking_items`
--
ALTER TABLE `booking_items`
  MODIFY `id` bigint(20) NOT NULL AUTO_INCREMENT;

--
-- AUTO_INCREMENT for table `booking_status_logs`
--
ALTER TABLE `booking_status_logs`
  MODIFY `id` bigint(20) NOT NULL AUTO_INCREMENT;

--
-- AUTO_INCREMENT for table `booking_suppliers`
--
ALTER TABLE `booking_suppliers`
  MODIFY `id` bigint(20) NOT NULL AUTO_INCREMENT;

--
-- AUTO_INCREMENT for table `booking_vouchers`
--
ALTER TABLE `booking_vouchers`
  MODIFY `id` bigint(20) NOT NULL AUTO_INCREMENT;

--
-- AUTO_INCREMENT for table `carts`
--
ALTER TABLE `carts`
  MODIFY `id` bigint(20) NOT NULL AUTO_INCREMENT;

--
-- AUTO_INCREMENT for table `cart_items`
--
ALTER TABLE `cart_items`
  MODIFY `id` bigint(20) NOT NULL AUTO_INCREMENT;

--
-- AUTO_INCREMENT for table `categories`
--
ALTER TABLE `categories`
  MODIFY `id` bigint(20) NOT NULL AUTO_INCREMENT, AUTO_INCREMENT=7;

--
-- AUTO_INCREMENT for table `email_verifications`
--
ALTER TABLE `email_verifications`
  MODIFY `id` bigint(20) NOT NULL AUTO_INCREMENT, AUTO_INCREMENT=5;

--
-- AUTO_INCREMENT for table `event_details`
--
ALTER TABLE `event_details`
  MODIFY `id` bigint(20) NOT NULL AUTO_INCREMENT;

--
-- AUTO_INCREMENT for table `favorites`
--
ALTER TABLE `favorites`
  MODIFY `id` bigint(20) NOT NULL AUTO_INCREMENT;

--
-- AUTO_INCREMENT for table `login_attempts`
--
ALTER TABLE `login_attempts`
  MODIFY `id` bigint(20) NOT NULL AUTO_INCREMENT;

--
-- AUTO_INCREMENT for table `notifications`
--
ALTER TABLE `notifications`
  MODIFY `id` bigint(20) NOT NULL AUTO_INCREMENT;

--
-- AUTO_INCREMENT for table `otps`
--
ALTER TABLE `otps`
  MODIFY `id` bigint(20) NOT NULL AUTO_INCREMENT, AUTO_INCREMENT=9;

--
-- AUTO_INCREMENT for table `packages`
--
ALTER TABLE `packages`
  MODIFY `package_id` bigint(20) NOT NULL AUTO_INCREMENT;

--
-- AUTO_INCREMENT for table `package_items`
--
ALTER TABLE `package_items`
  MODIFY `id` bigint(20) NOT NULL AUTO_INCREMENT;

--
-- AUTO_INCREMENT for table `password_resets`
--
ALTER TABLE `password_resets`
  MODIFY `id` bigint(20) NOT NULL AUTO_INCREMENT;

--
-- AUTO_INCREMENT for table `payments`
--
ALTER TABLE `payments`
  MODIFY `id` bigint(20) NOT NULL AUTO_INCREMENT;

--
-- AUTO_INCREMENT for table `permissions`
--
ALTER TABLE `permissions`
  MODIFY `id` bigint(20) NOT NULL AUTO_INCREMENT;

--
-- AUTO_INCREMENT for table `reviews`
--
ALTER TABLE `reviews`
  MODIFY `id` bigint(20) NOT NULL AUTO_INCREMENT;

--
-- AUTO_INCREMENT for table `roles`
--
ALTER TABLE `roles`
  MODIFY `id` bigint(20) NOT NULL AUTO_INCREMENT, AUTO_INCREMENT=5;

--
-- AUTO_INCREMENT for table `role_permissions`
--
ALTER TABLE `role_permissions`
  MODIFY `id` bigint(20) NOT NULL AUTO_INCREMENT;

--
-- AUTO_INCREMENT for table `services`
--
ALTER TABLE `services`
  MODIFY `id` bigint(20) NOT NULL AUTO_INCREMENT, AUTO_INCREMENT=3;

--
-- AUTO_INCREMENT for table `service_availability`
--
ALTER TABLE `service_availability`
  MODIFY `id` bigint(20) NOT NULL AUTO_INCREMENT;

--
-- AUTO_INCREMENT for table `service_media`
--
ALTER TABLE `service_media`
  MODIFY `id` bigint(20) NOT NULL AUTO_INCREMENT;

--
-- AUTO_INCREMENT for table `service_schedules`
--
ALTER TABLE `service_schedules`
  MODIFY `id` bigint(20) NOT NULL AUTO_INCREMENT;

--
-- AUTO_INCREMENT for table `service_time_slots`
--
ALTER TABLE `service_time_slots`
  MODIFY `id` bigint(20) NOT NULL AUTO_INCREMENT;

--
-- AUTO_INCREMENT for table `staff_activity_logs`
--
ALTER TABLE `staff_activity_logs`
  MODIFY `id` bigint(20) NOT NULL AUTO_INCREMENT;

--
-- AUTO_INCREMENT for table `staff_payroll`
--
ALTER TABLE `staff_payroll`
  MODIFY `id` bigint(20) NOT NULL AUTO_INCREMENT;

--
-- AUTO_INCREMENT for table `staff_profiles`
--
ALTER TABLE `staff_profiles`
  MODIFY `staff_id` bigint(20) NOT NULL AUTO_INCREMENT;

--
-- AUTO_INCREMENT for table `staff_salaries`
--
ALTER TABLE `staff_salaries`
  MODIFY `id` bigint(20) NOT NULL AUTO_INCREMENT;

--
-- AUTO_INCREMENT for table `suppliers`
--
ALTER TABLE `suppliers`
  MODIFY `supplier_id` bigint(20) NOT NULL AUTO_INCREMENT, AUTO_INCREMENT=3;

--
-- AUTO_INCREMENT for table `supplier_bans`
--
ALTER TABLE `supplier_bans`
  MODIFY `id` bigint(20) NOT NULL AUTO_INCREMENT;

--
-- AUTO_INCREMENT for table `supplier_documents`
--
ALTER TABLE `supplier_documents`
  MODIFY `id` bigint(20) NOT NULL AUTO_INCREMENT;

--
-- AUTO_INCREMENT for table `supplier_packages`
--
ALTER TABLE `supplier_packages`
  MODIFY `id` bigint(20) NOT NULL AUTO_INCREMENT;

--
-- AUTO_INCREMENT for table `supplier_package_items`
--
ALTER TABLE `supplier_package_items`
  MODIFY `id` bigint(20) NOT NULL AUTO_INCREMENT;

--
-- AUTO_INCREMENT for table `supplier_warnings`
--
ALTER TABLE `supplier_warnings`
  MODIFY `id` bigint(20) NOT NULL AUTO_INCREMENT;

--
-- AUTO_INCREMENT for table `system_logs`
--
ALTER TABLE `system_logs`
  MODIFY `id` bigint(20) NOT NULL AUTO_INCREMENT, AUTO_INCREMENT=35;

--
-- AUTO_INCREMENT for table `users`
--
ALTER TABLE `users`
  MODIFY `user_id` bigint(20) NOT NULL AUTO_INCREMENT, AUTO_INCREMENT=18;

--
-- AUTO_INCREMENT for table `user_roles`
--
ALTER TABLE `user_roles`
  MODIFY `id` bigint(20) NOT NULL AUTO_INCREMENT, AUTO_INCREMENT=11;

--
-- AUTO_INCREMENT for table `venues`
--
ALTER TABLE `venues`
  MODIFY `id` bigint(20) NOT NULL AUTO_INCREMENT;

--
-- AUTO_INCREMENT for table `venue_rooms`
--
ALTER TABLE `venue_rooms`
  MODIFY `id` bigint(20) NOT NULL AUTO_INCREMENT;

--
-- AUTO_INCREMENT for table `venue_room_availability`
--
ALTER TABLE `venue_room_availability`
  MODIFY `id` bigint(20) NOT NULL AUTO_INCREMENT;

--
-- AUTO_INCREMENT for table `wallets`
--
ALTER TABLE `wallets`
  MODIFY `id` bigint(20) NOT NULL AUTO_INCREMENT;

--
-- AUTO_INCREMENT for table `wallet_transactions`
--
ALTER TABLE `wallet_transactions`
  MODIFY `id` bigint(20) NOT NULL AUTO_INCREMENT;

--
-- AUTO_INCREMENT for table `withdrawals`
--
ALTER TABLE `withdrawals`
  MODIFY `id` bigint(20) NOT NULL AUTO_INCREMENT;

--
-- Constraints for dumped tables
--

--
-- Constraints for table `account_lockout_logs`
--
ALTER TABLE `account_lockout_logs`
  ADD CONSTRAINT `all_ibfk_unlocked_by` FOREIGN KEY (`unlocked_by`) REFERENCES `users` (`user_id`),
  ADD CONSTRAINT `all_ibfk_user` FOREIGN KEY (`user_id`) REFERENCES `users` (`user_id`);

--
-- Constraints for table `bookings`
--
ALTER TABLE `bookings`
  ADD CONSTRAINT `bookings_ibfk_1` FOREIGN KEY (`user_id`) REFERENCES `users` (`user_id`),
  ADD CONSTRAINT `bookings_ibfk_2` FOREIGN KEY (`cart_id`) REFERENCES `carts` (`id`),
  ADD CONSTRAINT `bookings_ibfk_3` FOREIGN KEY (`approved_by`) REFERENCES `users` (`user_id`);

--
-- Constraints for table `booking_items`
--
ALTER TABLE `booking_items`
  ADD CONSTRAINT `bi_ibfk_slot` FOREIGN KEY (`slot_id`) REFERENCES `service_time_slots` (`id`),
  ADD CONSTRAINT `booking_items_ibfk_1` FOREIGN KEY (`booking_id`) REFERENCES `bookings` (`id`) ON DELETE CASCADE ON UPDATE CASCADE,
  ADD CONSTRAINT `booking_items_ibfk_2` FOREIGN KEY (`venue_room_id`) REFERENCES `venue_rooms` (`id`) ON DELETE CASCADE ON UPDATE CASCADE;

--
-- Constraints for table `booking_status_logs`
--
ALTER TABLE `booking_status_logs`
  ADD CONSTRAINT `booking_status_logs_ibfk_1` FOREIGN KEY (`booking_id`) REFERENCES `bookings` (`id`),
  ADD CONSTRAINT `booking_status_logs_ibfk_2` FOREIGN KEY (`changed_by`) REFERENCES `users` (`user_id`);

--
-- Constraints for table `booking_suppliers`
--
ALTER TABLE `booking_suppliers`
  ADD CONSTRAINT `booking_suppliers_ibfk_1` FOREIGN KEY (`booking_id`) REFERENCES `bookings` (`id`) ON DELETE CASCADE ON UPDATE CASCADE,
  ADD CONSTRAINT `booking_suppliers_ibfk_2` FOREIGN KEY (`supplier_id`) REFERENCES `suppliers` (`supplier_id`) ON DELETE CASCADE ON UPDATE CASCADE;

--
-- Constraints for table `booking_vouchers`
--
ALTER TABLE `booking_vouchers`
  ADD CONSTRAINT `booking_vouchers_ibfk_1` FOREIGN KEY (`booking_id`) REFERENCES `bookings` (`id`),
  ADD CONSTRAINT `booking_vouchers_ibfk_2` FOREIGN KEY (`service_id`) REFERENCES `services` (`id`),
  ADD CONSTRAINT `booking_vouchers_ibfk_3` FOREIGN KEY (`supplier_id`) REFERENCES `suppliers` (`supplier_id`);

--
-- Constraints for table `carts`
--
ALTER TABLE `carts`
  ADD CONSTRAINT `carts_ibfk_1` FOREIGN KEY (`user_id`) REFERENCES `users` (`user_id`);

--
-- Constraints for table `cart_items`
--
ALTER TABLE `cart_items`
  ADD CONSTRAINT `cart_items_ibfk_1` FOREIGN KEY (`cart_id`) REFERENCES `carts` (`id`),
  ADD CONSTRAINT `cart_items_ibfk_2` FOREIGN KEY (`user_id`) REFERENCES `users` (`user_id`),
  ADD CONSTRAINT `ci_ibfk_slot` FOREIGN KEY (`slot_id`) REFERENCES `service_time_slots` (`id`);

--
-- Constraints for table `email_verifications`
--
ALTER TABLE `email_verifications`
  ADD CONSTRAINT `email_verifications_ibfk_1` FOREIGN KEY (`user_id`) REFERENCES `users` (`user_id`) ON DELETE CASCADE ON UPDATE CASCADE;

--
-- Constraints for table `event_details`
--
ALTER TABLE `event_details`
  ADD CONSTRAINT `event_details_ibfk_1` FOREIGN KEY (`booking_id`) REFERENCES `bookings` (`id`);

--
-- Constraints for table `favorites`
--
ALTER TABLE `favorites`
  ADD CONSTRAINT `favorites_ibfk_1` FOREIGN KEY (`user_id`) REFERENCES `users` (`user_id`) ON DELETE CASCADE ON UPDATE CASCADE;

--
-- Constraints for table `notifications`
--
ALTER TABLE `notifications`
  ADD CONSTRAINT `notifications_ibfk_1` FOREIGN KEY (`user_id`) REFERENCES `users` (`user_id`);

--
-- Constraints for table `otps`
--
ALTER TABLE `otps`
  ADD CONSTRAINT `otps_ibfk_1` FOREIGN KEY (`user_id`) REFERENCES `users` (`user_id`);

--
-- Constraints for table `package_items`
--
ALTER TABLE `package_items`
  ADD CONSTRAINT `package_items_ibfk_1` FOREIGN KEY (`package_id`) REFERENCES `packages` (`package_id`),
  ADD CONSTRAINT `package_items_ibfk_category` FOREIGN KEY (`category_id`) REFERENCES `categories` (`id`),
  ADD CONSTRAINT `package_items_ibfk_service` FOREIGN KEY (`service_id`) REFERENCES `services` (`id`),
  ADD CONSTRAINT `package_items_ibfk_supplier` FOREIGN KEY (`default_supplier_id`) REFERENCES `suppliers` (`supplier_id`);

--
-- Constraints for table `password_resets`
--
ALTER TABLE `password_resets`
  ADD CONSTRAINT `fk_password_resets_user` FOREIGN KEY (`user_id`) REFERENCES `users` (`user_id`) ON DELETE CASCADE ON UPDATE CASCADE;

--
-- Constraints for table `payments`
--
ALTER TABLE `payments`
  ADD CONSTRAINT `payments_ibfk_1` FOREIGN KEY (`booking_id`) REFERENCES `bookings` (`id`),
  ADD CONSTRAINT `payments_ibfk_2` FOREIGN KEY (`supplier_id`) REFERENCES `suppliers` (`supplier_id`),
  ADD CONSTRAINT `payments_ibfk_3` FOREIGN KEY (`verified_by`) REFERENCES `users` (`user_id`);

--
-- Constraints for table `reviews`
--
ALTER TABLE `reviews`
  ADD CONSTRAINT `reviews_ibfk_1` FOREIGN KEY (`booking_id`) REFERENCES `bookings` (`id`),
  ADD CONSTRAINT `reviews_ibfk_2` FOREIGN KEY (`booking_item_id`) REFERENCES `booking_items` (`id`),
  ADD CONSTRAINT `reviews_ibfk_3` FOREIGN KEY (`service_id`) REFERENCES `services` (`id`),
  ADD CONSTRAINT `reviews_ibfk_4` FOREIGN KEY (`customer_id`) REFERENCES `users` (`user_id`),
  ADD CONSTRAINT `reviews_ibfk_5` FOREIGN KEY (`supplier_id`) REFERENCES `suppliers` (`supplier_id`);

--
-- Constraints for table `role_permissions`
--
ALTER TABLE `role_permissions`
  ADD CONSTRAINT `role_permissions_ibfk_1` FOREIGN KEY (`role_id`) REFERENCES `roles` (`id`) ON DELETE CASCADE ON UPDATE CASCADE,
  ADD CONSTRAINT `role_permissions_ibfk_2` FOREIGN KEY (`permission_id`) REFERENCES `permissions` (`id`) ON DELETE CASCADE ON UPDATE CASCADE;

--
-- Constraints for table `services`
--
ALTER TABLE `services`
  ADD CONSTRAINT `services_ibfk_1` FOREIGN KEY (`supplier_id`) REFERENCES `suppliers` (`supplier_id`),
  ADD CONSTRAINT `services_ibfk_2` FOREIGN KEY (`category_id`) REFERENCES `categories` (`id`);

--
-- Constraints for table `service_availability`
--
ALTER TABLE `service_availability`
  ADD CONSTRAINT `sav_ibfk_service` FOREIGN KEY (`service_id`) REFERENCES `services` (`id`) ON DELETE CASCADE;

--
-- Constraints for table `service_media`
--
ALTER TABLE `service_media`
  ADD CONSTRAINT `service_media_ibfk_1` FOREIGN KEY (`service_id`) REFERENCES `services` (`id`);

--
-- Constraints for table `service_schedules`
--
ALTER TABLE `service_schedules`
  ADD CONSTRAINT `ssc_ibfk_service` FOREIGN KEY (`service_id`) REFERENCES `services` (`id`) ON DELETE CASCADE;

--
-- Constraints for table `service_time_slots`
--
ALTER TABLE `service_time_slots`
  ADD CONSTRAINT `sts_ibfk_service` FOREIGN KEY (`service_id`) REFERENCES `services` (`id`) ON DELETE CASCADE;

--
-- Constraints for table `staff_activity_logs`
--
ALTER TABLE `staff_activity_logs`
  ADD CONSTRAINT `staff_activity_logs_ibfk_1` FOREIGN KEY (`staff_id`) REFERENCES `staff_profiles` (`staff_id`);

--
-- Constraints for table `staff_payroll`
--
ALTER TABLE `staff_payroll`
  ADD CONSTRAINT `sp_ibfk_approved_by` FOREIGN KEY (`approved_by`) REFERENCES `users` (`user_id`),
  ADD CONSTRAINT `sp_ibfk_salary` FOREIGN KEY (`salary_id`) REFERENCES `staff_salaries` (`id`),
  ADD CONSTRAINT `sp_ibfk_staff` FOREIGN KEY (`staff_id`) REFERENCES `staff_profiles` (`staff_id`);

--
-- Constraints for table `staff_profiles`
--
ALTER TABLE `staff_profiles`
  ADD CONSTRAINT `staff_profiles_ibfk_1` FOREIGN KEY (`user_id`) REFERENCES `users` (`user_id`);

--
-- Constraints for table `staff_salaries`
--
ALTER TABLE `staff_salaries`
  ADD CONSTRAINT `ss_ibfk_set_by` FOREIGN KEY (`set_by`) REFERENCES `users` (`user_id`),
  ADD CONSTRAINT `ss_ibfk_staff` FOREIGN KEY (`staff_id`) REFERENCES `staff_profiles` (`staff_id`);

--
-- Constraints for table `suppliers`
--
ALTER TABLE `suppliers`
  ADD CONSTRAINT `suppliers_ibfk_1` FOREIGN KEY (`user_id`) REFERENCES `users` (`user_id`);

--
-- Constraints for table `supplier_bans`
--
ALTER TABLE `supplier_bans`
  ADD CONSTRAINT `sb_ibfk_banned_by` FOREIGN KEY (`banned_by`) REFERENCES `users` (`user_id`),
  ADD CONSTRAINT `sb_ibfk_lifted_by` FOREIGN KEY (`lifted_by`) REFERENCES `users` (`user_id`),
  ADD CONSTRAINT `sb_ibfk_supplier` FOREIGN KEY (`supplier_id`) REFERENCES `suppliers` (`supplier_id`);

--
-- Constraints for table `supplier_documents`
--
ALTER TABLE `supplier_documents`
  ADD CONSTRAINT `supplier_documents_ibfk_1` FOREIGN KEY (`supplier_id`) REFERENCES `suppliers` (`supplier_id`);

--
-- Constraints for table `supplier_packages`
--
ALTER TABLE `supplier_packages`
  ADD CONSTRAINT `supplier_packages_ibfk_1` FOREIGN KEY (`supplier_id`) REFERENCES `suppliers` (`supplier_id`);

--
-- Constraints for table `supplier_package_items`
--
ALTER TABLE `supplier_package_items`
  ADD CONSTRAINT `supplier_package_items_ibfk_1` FOREIGN KEY (`package_id`) REFERENCES `supplier_packages` (`id`),
  ADD CONSTRAINT `supplier_package_items_ibfk_2` FOREIGN KEY (`service_id`) REFERENCES `services` (`id`);

--
-- Constraints for table `supplier_warnings`
--
ALTER TABLE `supplier_warnings`
  ADD CONSTRAINT `sw_ibfk_booking` FOREIGN KEY (`booking_id`) REFERENCES `bookings` (`id`),
  ADD CONSTRAINT `sw_ibfk_issued_by` FOREIGN KEY (`issued_by`) REFERENCES `users` (`user_id`),
  ADD CONSTRAINT `sw_ibfk_resolved` FOREIGN KEY (`resolved_by`) REFERENCES `users` (`user_id`),
  ADD CONSTRAINT `sw_ibfk_review` FOREIGN KEY (`review_id`) REFERENCES `reviews` (`id`),
  ADD CONSTRAINT `sw_ibfk_supplier` FOREIGN KEY (`supplier_id`) REFERENCES `suppliers` (`supplier_id`);

--
-- Constraints for table `system_logs`
--
ALTER TABLE `system_logs`
  ADD CONSTRAINT `system_logs_ibfk_1` FOREIGN KEY (`user_id`) REFERENCES `users` (`user_id`);

--
-- Constraints for table `user_roles`
--
ALTER TABLE `user_roles`
  ADD CONSTRAINT `user_roles_ibfk_1` FOREIGN KEY (`user_id`) REFERENCES `users` (`user_id`) ON DELETE CASCADE ON UPDATE CASCADE,
  ADD CONSTRAINT `user_roles_ibfk_2` FOREIGN KEY (`role_id`) REFERENCES `roles` (`id`) ON DELETE CASCADE ON UPDATE CASCADE;

--
-- Constraints for table `venues`
--
ALTER TABLE `venues`
  ADD CONSTRAINT `venues_ibfk_1` FOREIGN KEY (`supplier_id`) REFERENCES `suppliers` (`supplier_id`),
  ADD CONSTRAINT `venues_service_fk` FOREIGN KEY (`service_id`) REFERENCES `services` (`id`) ON DELETE SET NULL ON UPDATE CASCADE;

--
-- Constraints for table `venue_rooms`
--
ALTER TABLE `venue_rooms`
  ADD CONSTRAINT `venue_rooms_ibfk_1` FOREIGN KEY (`venue_id`) REFERENCES `venues` (`id`);

--
-- Constraints for table `venue_room_availability`
--
ALTER TABLE `venue_room_availability`
  ADD CONSTRAINT `venue_room_availability_ibfk_1` FOREIGN KEY (`room_id`) REFERENCES `venue_rooms` (`id`);

--
-- Constraints for table `wallets`
--
ALTER TABLE `wallets`
  ADD CONSTRAINT `wallets_ibfk_1` FOREIGN KEY (`supplier_id`) REFERENCES `suppliers` (`supplier_id`);

--
-- Constraints for table `wallet_transactions`
--
ALTER TABLE `wallet_transactions`
  ADD CONSTRAINT `wallet_transactions_ibfk_1` FOREIGN KEY (`wallet_id`) REFERENCES `wallets` (`id`);

--
-- Constraints for table `withdrawals`
--
ALTER TABLE `withdrawals`
  ADD CONSTRAINT `withdrawals_ibfk_1` FOREIGN KEY (`supplier_id`) REFERENCES `suppliers` (`supplier_id`);
COMMIT;

/*!40101 SET CHARACTER_SET_CLIENT=@OLD_CHARACTER_SET_CLIENT */;
/*!40101 SET CHARACTER_SET_RESULTS=@OLD_CHARACTER_SET_RESULTS */;
/*!40101 SET COLLATION_CONNECTION=@OLD_COLLATION_CONNECTION */;
